{
  "manifest_version": 3,
  "name": "QarbonQuery",
  "version": "1.0",
  "permissions": ["storage", "scripting", "activeTab"],
  "host_permissions": [
    "https://*.claude.ai/*",
    "https://*.openai.com/*",
    "https://*.chatgpt.com/*"
  ],
  "action": {
    "default_popup": "popup.html"
  },
  "content_scripts": [
    {
      "matches": [
        "https://claude.ai/*",
        "https://*.claude.ai/*",
        "https://chat.openai.com/*",
        "https://chatgpt.com/*"
      ],
      "js": ["content.js"],
      "run_at": "document_start",
      "world": "MAIN"
    }
  ]
}
